{
  "R0": 0.000225,
  "R1": 0.00075,
  "C1": 3000.0,
  "ocv_poly": [
    2.12,
    -0.3,
    0.6,
    -0.45,
    2.05
  ],
  "Q_Ah": 1610
}